"Variavel","Media_Doente","Media_Saudavel","p_valor","Significativo"
"Age",46.1538461538462,41.2395209580838,0.00139797057615554,"sim"
"Total_Bilirubin",4.16442307692308,1.14251497005988,4.91200919556184e-16,"sim"
"Direct_Bilirubin",1.92355769230769,0.396407185628742,2.26995324945029e-19,"sim"
"Alkaline_Phosphotase",319.007211538462,219.754491017964,1.08124966726932e-08,"sim"
"Alamine_Aminotransferase",99.6057692307692,33.6526946107784,1.18047797924202e-09,"sim"
"Aspartate_Aminotransferase",137.699519230769,40.688622754491,1.40944977692876e-08,"sim"
"Total_Proteins",6.45913461538461,6.54311377245509,0.393198773558193,"nao"
"Albumin",3.06057692307692,3.34431137724551,9.77490232296902e-05,"sim"
"AG_Ratio",0.914178743961353,1.02957575757576,3.49871390245781e-05,"sim"
