"Variavel","Media","DP","Min","Mediana","Max","Assimetria"
"AG_Ratio",0.94706390328152,0.319592107672371,0.3,0.93,2.8,0.987163919966889
"Age",44.746140651801,16.1898333046944,4,45,90,-0.0292342747499975
"Alamine_Aminotransferase",80.7135506003431,182.620356034202,10,35,2000,6.51552965058117
"Albumin",3.14185248713551,0.795518805964026,0.9,3.1,5.5,-0.0434601928284912
"Alkaline_Phosphotase",290.576329331046,242.937989179344,63,208,2110,3.74575407676715
"Aspartate_Aminotransferase",109.910806174957,288.918529051734,10,42,4929,10.4919707801112
"Direct_Bilirubin",1.4861063464837,2.80849761765896,0.1,0.3,19.7,3.19589138981276
"Total_Bilirubin",3.29879931389365,6.20952172618015,0.4,1,75,4.88225000275129
"Total_Proteins",6.48319039451115,1.08545148402347,2.7,6.6,9.6,-0.284203856158199
